Domain,Status,Attractiveness,Demand,Length,Sectors,Created,Expires,Registrar
one.attorney,available,132,44%,3,"Business,General,Media,Technology",,,
brief.attorney,available,124,19%,5,"Business,Education,General,Law",,,
complete.attorney,available,120,21%,8,"Manufacturing,Retail,Technology",,,
second.attorney,available,120,23%,6,"General,Mathematics",,,
wizard.attorney,available,118,42%,6,"Entertainment,Media,Technology",,,
flat.attorney,available,116,24%,4,"Construction,Real Estate",,,
tenth.attorney,available,116,7%,5,Mathematics,,,
equal.attorney,available,116,19%,5,"Education,General,Law",,,
tonic.attorney,available,114,22%,5,"Health and Fitness,Medicine,Science",,,
zero.attorney,available,112,49%,4,Mathematics,,,
acute.attorney,available,112,9%,5,"Mathematics,Medicine,Science",,,
above.attorney,available,112,22%,5,Business,,,
hotshot.attorney,available,112,14%,7,"Business,Entertainment,Sports",,,
abstract.attorney,available,108,29%,8,"Arts,Humanities,Science",,,
abiding.attorney,available,106,5%,7,"General,Religion",,,
teen.attorney,available,104,14%,4,"Education,Entertainment,Healthcare",,,
expert.attorney,available,104,26%,6,"Business,Education,Technology",,,
active.attorney,available,104,27%,6,"Health and Fitness,Sports,Travel",,,
absent.attorney,available,102,8%,6,"Business,Education,Technology",,,
eight.attorney,available,102,23%,5,"General,Mathematics",,,
captive.attorney,available,102,14%,7,"Entertainment,Hospitality,Technology",,,
extra.attorney,available,102,26%,5,"Fashion,Retail,Technology",,,
adjunct.attorney,available,100,5%,7,Education,,,
ninth.attorney,available,100,9%,5,Mathematics,,,
sixth.attorney,available,100,8%,5,Mathematics,,,
third.attorney,available,100,16%,5,Mathematics,,,
crack.attorney,available,100,20%,5,Sports,,,
abrupt.attorney,available,100,3%,6,"Medicine,Science",,,
remove.attorney,available,100,13%,6,"Construction,Manufacturing,Technology",,,
whiz.attorney,available,100,12%,4,"Business,Education,Technology",,,
eighth.attorney,available,100,6%,6,Mathematics,,,
whizz.attorney,available,98,11%,5,"Business,Education,Technology",,,
genius.attorney,available,98,46%,6,"Arts,Education,Technology",,,
forgiving.attorney,available,96,3%,9,"Healthcare,Religion",,,
academic.attorney,available,96,20%,8,"Education,Humanities,Science",,,
alamode.attorney,available,96,12%,9,Fashion,,,
actual.attorney,available,96,22%,6,"Real Estate,Retail,Technology",,,
doable.attorney,available,96,9%,6,"Business,Education,Technology",,,
around.attorney,available,94,22%,6,"Business,General,Media,Technology",,,
adequate.attorney,available,94,9%,8,"Education,Healthcare,Technology",,,
about.attorney,available,94,28%,5,"Business,General,Media,Technology",,,
virtuoso.attorney,available,94,16%,8,"Arts,Entertainment",,,
adept.attorney,available,92,24%,5,"Education,Health and Fitness,Sports",,,
nought.attorney,available,92,4%,6,Mathematics,,,
adjective.attorney,available,92,5%,9,Education,,,
twentieth.attorney,available,92,3%,9,Mathematics,,,
neutral.attorney,available,92,20%,7,"Business,Media,Politics",,,
abroad.attorney,available,92,12%,6,"Hospitality,Travel",,,
next.attorney,available,92,43%,4,"Retail,Technology,Transportation",,,
exemplary.attorney,available,92,5%,9,"Business,Education,Healthcare",,,
gripping.attorney,available,90,3%,8,"Entertainment,Media,Technology",,,
adoring.attorney,available,90,2%,7,"Entertainment,Fashion,Retail",,,
leash.attorney,available,90,7%,5,"General,Health and Fitness,Retail",,,
addictive.attorney,available,90,9%,9,Healthcare,,,
riveting.attorney,available,90,6%,8,"Entertainment,Media,Technology",,,
endearing.attorney,available,90,1%,9,"Entertainment,Fashion,Retail",,,
additional.attorney,available,90,8%,10,"Fashion,Retail,Technology",,,
adlib.attorney,available,88,7%,6,Entertainment,,,
three.attorney,available,88,24%,5,Mathematics,,,
sixteen.attorney,available,88,11%,7,Mathematics,,,
hundred.attorney,available,88,14%,7,Mathematics,,,
activist.attorney,available,88,12%,8,"Humanities,Politics",,,
proficient.attorney,available,88,8%,10,"Education,Health and Fitness,Sports",,,
twelve.attorney,available,88,18%,6,"General,Mathematics",,,
ten.attorney,available,88,28%,3,"General,Mathematics",,,
wide.attorney,available,88,18%,4,"Business,Media,Technology",,,
eleven.attorney,available,88,33%,6,Mathematics,,,
ace.attorney,available,88,34%,3,Sports,,,
actionable.attorney,available,88,13%,10,"Business,Law",,,
fifteen.attorney,available,88,13%,7,Mathematics,,,
aboriginal.attorney,available,86,10%,10,Humanities,,,
engrossing.attorney,available,86,0%,10,"Entertainment,Media,Technology",,,
xiv.attorney,available,86,12%,3,Mathematics,,,
adolescent.attorney,available,86,3%,10,"Education,Entertainment,Healthcare",,,
cipher.attorney,available,86,29%,6,Mathematics,,,
intent.attorney,available,86,25%,6,"Business,Education,Technology",,,
recondite.attorney,available,86,4%,9,"Arts,Humanities,Science",,,
attendant.attorney,available,86,5%,9,"Healthcare,Hospitality,Transportation",,,
star.attorney,available,86,40%,4,"Entertainment,Media,Sports",,,
extempore.attorney,available,86,3%,9,Entertainment,,,
xix.attorney,available,86,11%,3,Mathematics,,,
nineteen.attorney,available,84,8%,8,Mathematics,,,
grand.attorney,available,84,25%,5,"Finance,General",,,
adjustable.attorney,available,84,3%,10,"Manufacturing,Retail,Technology",,,
deviate.attorney,available,84,12%,7,"Medicine,Science",,,
seventeen.attorney,available,84,7%,9,Mathematics,,,
acting.attorney,available,84,12%,6,Entertainment,,,
sharp.attorney,available,84,34%,5,"Arts,Fashion",,,
twentytwo.attorney,available,84,11%,10,Mathematics,,,
thirteen.attorney,available,84,10%,8,Mathematics,,,
twentyone.attorney,available,84,13%,10,Mathematics,,,
thousand.attorney,available,84,8%,8,Mathematics,,,
accessory.attorney,available,84,8%,9,"Fashion,Retail,Technology",,,
fourteen.attorney,available,84,8%,8,Mathematics,,,
dozen.attorney,available,82,10%,5,Mathematics,,,
good.attorney,available,82,47%,4,"Food and Beverage,General,Health and Fitness,Retail",,,
decade.attorney,available,82,10%,6,Mathematics,,,
abkhaz.attorney,available,82,1%,6,Geography,,,
abdominal.attorney,available,82,1%,9,"Health and Fitness,Medicine",,,
fivesome.attorney,available,82,1%,8,Sports,,,
impromptu.attorney,available,82,16%,9,Entertainment,,,
abenaki.attorney,available,82,2%,7,Geography,,,
enduring.attorney,available,82,9%,8,"Health and Fitness,Religion",,,
absorbent.attorney,available,82,3%,9,"Healthcare,Manufacturing,Retail",,,
abroach.attorney,available,82,1%,7,Food and Beverage,,,
cleansing.attorney,available,82,3%,9,Health and Fitness,,,
altered.attorney,available,82,9%,7,"Medicine,Science",,,
superstar.attorney,available,80,18%,9,Entertainment,,,
yard.attorney,available,80,26%,4,"Construction,General",,,
capable.attorney,available,80,12%,7,"Business,Education,Technology",,,
abundant.attorney,available,80,19%,8,"Agriculture,Manufacturing,Retail",,,
sequent.attorney,available,80,7%,7,"Healthcare,Insurance,Transportation",,,
trio.attorney,available,80,21%,4,Entertainment,,,
two.attorney,available,80,24%,3,Mathematics,,,
twenty.attorney,available,80,12%,6,Mathematics,,,
adoptable.attorney,available,80,3%,9,"Education,Healthcare",,,
wiz.attorney,available,80,30%,3,"Business,Education,Technology",,,
forty.attorney,available,80,9%,5,Mathematics,,,
seventh.attorney,available,80,10%,7,Mathematics,,,
able.attorney,available,80,29%,4,"Business,Education,General,Technology",,,
first.attorney,available,80,36%,5,"General,Mathematics",,,
absorbable.attorney,available,80,0%,10,"Healthcare,Pharmaceuticals,Science",,,
absolute.attorney,available,80,25%,8,"Engineering,Mathematics,Science",,,
worshipful.attorney,available,80,1%,10,"Education,Healthcare,Religion",,,
nine.attorney,available,80,24%,4,"General,Mathematics",,,
dorsal.attorney,available,80,6%,6,"Medicine,Science",,,
some.attorney,available,80,32%,4,"Business,Media,Retail",,,
sixtynine.attorney,available,78,8%,10,Mathematics,,,
honestly.attorney,available,78,9%,8,"Business,Law",,,
accidental.attorney,available,78,11%,10,"Healthcare,Insurance,Transportation",,,
accessible.attorney,available,78,21%,10,"Healthcare,Retail,Technology",,,
dormant.attorney,available,78,4%,7,"Medicine,Science",,,
abounding.attorney,available,78,2%,9,Agriculture,,,
adrenal.attorney,available,78,4%,7,"Education,Healthcare,Science",,,
accurate.attorney,available,78,16%,8,"Engineering,Mathematics,Science",,,
adorable.attorney,available,78,8%,8,"Entertainment,Fashion,Retail",,,
low.attorney,available,78,20%,3,"Business,Finance",,,
adjacent.attorney,available,78,9%,8,"Construction,Real Estate,Retail",,,
twentysix.attorney,available,78,8%,10,Mathematics,,,
acceptant.attorney,available,78,1%,9,"Education,Healthcare",,,
absorptive.attorney,available,78,1%,10,"Healthcare,Manufacturing,Retail",,,
athletic.attorney,available,78,15%,8,"Health and Fitness,Sports",,,
recognized.attorney,available,78,3%,10,"Business,Education,Technology",,,
acceptable.attorney,available,78,5%,10,"Business,Hospitality,Retail",,,
accepted.attorney,available,78,6%,8,"Business,Education,Technology",,,
abkhasian.attorney,available,78,1%,9,Geography,,,
abkhazian.attorney,available,78,1%,9,Geography,,,
recognised.attorney,available,78,3%,10,"Business,Education,Technology",,,
auxiliary.attorney,available,76,7%,9,"Healthcare,Manufacturing,Technology",,,
addable.attorney,available,76,2%,7,"Engineering,Mathematics,Science",,,
fourteenth.attorney,available,76,1%,10,Mathematics,,,
resultant.attorney,available,76,2%,9,"Healthcare,Insurance,Transportation",,,
hundredth.attorney,available,76,1%,9,Mathematics,,,
threed.attorney,available,76,7%,7,Technology,,,
adaptive.attorney,available,76,28%,8,"Business,Education,Technology",,,
adherent.attorney,available,76,4%,8,"Politics,Religion",,,
diamond.attorney,available,76,32%,7,Fashion,,,
firstrate.attorney,available,76,6%,10,Business,,,
adaptable.attorney,available,76,9%,9,"Business,Education,Technology",,,
eighteen.attorney,available,76,7%,8,Mathematics,,,
incidental.attorney,available,76,4%,10,"Healthcare,Insurance,Transportation",,,
abrasive.attorney,available,76,6%,8,"Construction,Manufacturing",,,
ague.attorney,available,76,2%,4,"Geography,Medicine,Science",,,
adhesive.attorney,available,76,7%,8,"Construction,Manufacturing,Technology",,,
acoustic.attorney,available,76,14%,8,Science,,,
thirteenth.attorney,available,76,4%,10,Mathematics,,,
fifteenth.attorney,available,76,2%,9,Mathematics,,,
adipose.attorney,available,76,2%,7,"Healthcare,Science",,,
ventral.attorney,available,76,3%,7,Science,,,
improvise.attorney,available,76,4%,9,Entertainment,,,
thousandth.attorney,available,76,1%,10,Mathematics,,,
ancillary.attorney,available,76,6%,9,"Healthcare,Manufacturing,Technology",,,
nineteenth.attorney,available,76,3%,10,Mathematics,,,
energizing.attorney,available,76,3%,10,"Food and Beverage,Health and Fitness,Travel",,,
sensation.attorney,available,74,7%,9,"Entertainment,Media,Sports",,,
cleared.attorney,available,74,7%,7,"Healthcare,Law,Transportation",,,
admirable.attorney,available,74,5%,9,"Business,Education,Healthcare",,,
accepting.attorney,available,74,3%,9,"Education,Healthcare",,,
mavin.attorney,available,74,7%,5,"Entertainment,Fashion,Technology",,,
supra.attorney,available,74,25%,5,"Medicine,Science",,,
adenoid.attorney,available,74,1%,7,"Health and Fitness,Medicine,Science",,,
adamant.attorney,available,74,14%,7,Religion,,,
manageable.attorney,available,74,4%,10,"Business,Education,Technology",,,
activated.attorney,available,74,9%,9,"Healthcare,Manufacturing,Technology",,,
adapted.attorney,available,74,6%,7,"Healthcare,Manufacturing,Technology",,,
playing.attorney,available,74,12%,7,Entertainment,,,
realizable.attorney,available,74,1%,10,"Business,Education,Technology",,,
single.attorney,available,74,19%,6,Sports,,,
aberrant.attorney,available,74,6%,8,"Medicine,Science",,,
achievable.attorney,available,74,4%,10,"Business,Education,Technology",,,
skilful.attorney,available,74,3%,7,"Education,Health and Fitness,Sports",,,
acuate.attorney,available,74,2%,6,"Engineering,Medicine,Science",,,
adrenergic.attorney,available,74,1%,10,"Education,Healthcare,Science",,,
broad.attorney,available,74,13%,5,"Entertainment,General,Media",,,
engrossed.attorney,available,72,1%,9,"Entertainment,Media,Technology",,,
eightieth.attorney,available,72,1%,9,Mathematics,,,
absolutist.attorney,available,72,1%,10,"Humanities,Law,Politics",,,
trinity.attorney,available,72,18%,7,Religion,,,
ninetieth.attorney,available,72,1%,9,Mathematics,,,
champion.attorney,available,72,28%,8,"Entertainment,Health and Fitness,Sports",,,
sixtieth.attorney,available,72,1%,8,Mathematics,,,
existent.attorney,available,72,3%,8,"Mathematics,Science",,,
improvize.attorney,available,72,1%,9,Entertainment,,,
adjunctive.attorney,available,72,1%,10,"Healthcare,Manufacturing,Technology",,,
deep.attorney,available,72,41%,4,"Engineering,Mathematics,Science",,,
absorbed.attorney,available,72,2%,8,"Entertainment,Media,Technology",,,
adiabatic.attorney,available,72,3%,9,"Engineering,Science",,,
seventieth.attorney,available,72,1%,10,Mathematics,,,
abloom.attorney,available,72,5%,6,Agriculture,,,
accusative.attorney,available,72,0%,10,"Humanities,Law",,,
adaptative.attorney,available,72,1%,10,"Business,Education,Technology",,,
ablaze.attorney,available,72,6%,6,Entertainment,,,
liv.attorney,available,72,27%,3,Mathematics,,,
adjectival.attorney,available,72,1%,10,Education,,,
accustomed.attorney,available,72,1%,10,"Business,Education,Humanities",,,
lovely.attorney,available,72,26%,6,"Entertainment,Fashion,Retail",,,
adonic.attorney,available,72,2%,6,"Arts,Education,Entertainment",,,
abreast.attorney,available,72,2%,7,"Business,Technology",,,
ternary.attorney,available,72,7%,7,Mathematics,,,
trey.attorney,available,72,14%,4,Sports,,,
addicted.attorney,available,72,9%,8,Healthcare,,,
abulic.attorney,available,70,1%,6,Medicine,,,
acuminate.attorney,available,70,1%,9,"Engineering,Medicine,Science",,,
abradant.attorney,available,70,1%,8,"Construction,Manufacturing",,,
offhand.attorney,available,70,2%,7,Entertainment,,,
tiptop.attorney,available,70,24%,6,Fashion,,,
adamantine.attorney,available,70,4%,10,Religion,,,
admired.attorney,available,70,5%,7,"Business,Education,Healthcare",,,
skillful.attorney,available,70,9%,8,"Education,Health and Fitness,Sports",,,
practiced.attorney,available,70,3%,9,"Education,Health and Fitness,Sports",,,
adjusted.attorney,available,70,5%,8,"Manufacturing,Retail,Technology",,,
absorbing.attorney,available,70,3%,9,"Entertainment,Media,Technology",,,
gymnastic.attorney,available,70,3%,9,"Entertainment,Sports",,,
adored.attorney,available,70,6%,6,"Entertainment,Fashion,Retail",,,
recumbent.attorney,available,70,2%,9,"Healthcare,Medicine,Science",,,
accumbent.attorney,available,70,1%,9,"Healthcare,Medicine,Science",,,
ane.attorney,available,68,12%,3,Mathematics,,,
octonary.attorney,available,68,1%,8,Mathematics,,,
licensed.attorney,available,68,5%,8,"Business,Healthcare,Insurance",,,
activating.attorney,available,68,3%,10,"Healthcare,Manufacturing,Technology",,,
abnaki.attorney,available,68,1%,6,Geography,,,
septenary.attorney,available,68,1%,9,Mathematics,,,
sevener.attorney,available,68,1%,7,Mathematics,,,
ennead.attorney,available,68,5%,6,Mathematics,,,
aroused.attorney,available,68,3%,7,"Entertainment,Health and Fitness",,,
accredited.attorney,available,68,9%,10,"Business,Education,Healthcare",,,
foursome.attorney,available,68,4%,8,Sports,,,
abducent.attorney,available,68,0%,8,Medicine,,,
fortieth.attorney,available,68,0%,8,Mathematics,,,
overseas.attorney,available,68,12%,8,"Hospitality,Travel",,,
threesome.attorney,available,68,5%,9,Entertainment,,,
abkhas.attorney,available,68,0%,6,Geography,,,
aculeate.attorney,available,68,1%,8,"Engineering,Medicine,Science",,,
ablative.attorney,available,68,3%,8,Science,,,
decorated.attorney,available,68,3%,9,"Entertainment,Fashion,Retail",,,
aberdonian.attorney,available,68,1%,10,Geography,,,
licenced.attorney,available,68,2%,8,"Business,Healthcare,Insurance",,,
fiftieth.attorney,available,68,0%,8,Mathematics,,,
vindicated.attorney,available,68,2%,10,"Humanities,Law,Politics",,,
disciple.attorney,available,68,14%,8,"Education,Religion",,,
thirtieth.attorney,available,68,1%,9,Mathematics,,,
thirty.attorney,available,66,8%,6,Mathematics,,,
xii.attorney,available,66,10%,3,Mathematics,,,
five.attorney,available,66,26%,4,Mathematics,,,
century.attorney,available,66,17%,7,Education,,,
latest.attorney,available,66,18%,6,Technology,,,
performing.attorney,available,66,6%,10,Entertainment,,,
xxii.attorney,available,66,6%,4,Mathematics,,,
deuce.attorney,available,66,9%,5,Sports,,,
ninety.attorney,available,66,11%,6,Mathematics,,,
xxv.attorney,available,66,6%,3,Mathematics,,,
xvi.attorney,available,66,5%,3,Mathematics,,,
exonerated.attorney,available,66,2%,10,"Humanities,Law,Politics",,,
eighty.attorney,available,66,6%,6,Mathematics,,,
xiii.attorney,available,66,9%,4,Mathematics,,,
adorned.attorney,available,66,5%,7,"Entertainment,Fashion,Retail",,,
acappella.attorney,available,66,6%,10,Entertainment,,,
teenager.attorney,available,66,4%,8,"Education,Entertainment,Healthcare",,,
sextet.attorney,available,66,1%,6,Entertainment,,,
adopted.attorney,available,66,4%,7,"Education,Healthcare",,,
modish.attorney,available,66,5%,6,Fashion,,,
xxvi.attorney,available,66,3%,4,Mathematics,,,
xviii.attorney,available,66,5%,5,Mathematics,,,
abstinent.attorney,available,66,1%,9,"Health and Fitness,Religion",,,
accessary.attorney,available,66,1%,9,"Business,Law,Technology",,,
according.attorney,available,66,3%,9,"Business,Education,Technology",,,
xxi.attorney,available,66,10%,3,Mathematics,,,
xvii.attorney,available,66,5%,4,Mathematics,,,
maven.attorney,resell,66,30%,5,"Entertainment,Fashion,Technology",08/10/2014 17:00,08/10/2025 17:00,"Go China Domains, LLC"
buzzing.attorney,available,66,7%,7,"Entertainment,Media,Technology",,,
clv.attorney,available,66,10%,3,Mathematics,,,
tenner.attorney,available,66,5%,6,Finance,,,
fifty.attorney,available,66,12%,5,Mathematics,,,
onec.attorney,available,66,6%,5,Mathematics,,,
four.attorney,available,66,27%,4,Mathematics,,,
acrobatic.attorney,available,66,4%,9,"Entertainment,Sports",,,
six.attorney,available,66,26%,3,Mathematics,,,
nondrinker.attorney,available,64,1%,10,"Health and Fitness,Religion",,,
absolved.attorney,available,64,1%,8,"Humanities,Law,Religion",,,
rising.attorney,available,64,18%,6,"Construction,Manufacturing,Real Estate",,,
aflame.attorney,available,64,3%,6,Entertainment,,,
deviant.attorney,available,64,12%,7,"Medicine,Science",,,
accordant.attorney,available,64,3%,9,"Arts,Entertainment",,,
adagio.attorney,available,64,14%,6,Entertainment,,,
aufait.attorney,available,62,3%,7,"Fashion,Media",,,
roughly.attorney,available,62,3%,7,"Business,Media,Technology",,,
troika.attorney,available,62,8%,6,Politics,,,
cumulative.attorney,available,62,2%,10,"Banking,Finance,Insurance",,,
exculpated.attorney,available,62,1%,10,"Humanities,Law,Politics",,,
chiliad.attorney,available,62,2%,7,Mathematics,,,
eighteenth.attorney,available,62,1%,10,Mathematics,,,
sixteenth.attorney,available,62,1%,9,Mathematics,,,
activation.attorney,available,62,16%,10,"Healthcare,Manufacturing,Technology",,,
fortyfour.attorney,available,62,6%,10,Mathematics,,,
accrued.attorney,available,62,2%,7,"Banking,Finance,Insurance",,,
activistic.attorney,available,62,1%,10,"Humanities,Politics",,,
orso.attorney,available,62,9%,5,"Business,Media,Technology",,,
acidic.attorney,available,62,5%,6,"Food and Beverage,Science",,,
longdozen.attorney,available,62,2%,10,Mathematics,,,
abo.attorney,available,62,15%,3,Science,,,
wrapped.attorney,available,62,13%,7,"Fashion,Hospitality,Retail",,,
twodozen.attorney,available,62,1%,9,Mathematics,,,
eleventh.attorney,available,62,5%,8,Mathematics,,,
nail.attorney,available,62,16%,4,"Construction,Fashion,General,Retail",,,
quartet.attorney,available,62,7%,7,"Arts,Entertainment",,,
adoptive.attorney,available,62,1%,8,"Education,Healthcare",,,
pungent.attorney,available,62,1%,7,Food and Beverage,,,
admissible.attorney,available,62,1%,10,"Education,Healthcare,Law",,,
aborigine.attorney,available,62,1%,9,Humanities,,,
ensuant.attorney,available,62,1%,7,"Healthcare,Insurance,Transportation",,,
adjuvant.attorney,available,62,5%,8,"Healthcare,Manufacturing,Technology",,,
playacting.attorney,available,62,1%,10,Entertainment,,,
adnate.attorney,available,60,1%,6,"Agriculture,Manufacturing,Retail",,,
tertiary.attorney,available,60,4%,8,Education,,,
cxxxv.attorney,available,60,2%,5,Mathematics,,,
xcl.attorney,available,60,5%,3,Mathematics,,,
clxx.attorney,available,60,3%,4,Mathematics,,,
abashed.attorney,available,60,1%,7,Humanities,,,
annexal.attorney,available,60,1%,7,"Agriculture,Manufacturing,Retail",,,
cxx.attorney,available,60,10%,3,Mathematics,,,
adnexal.attorney,available,60,1%,7,"Agriculture,Manufacturing,Retail",,,
cxv.attorney,available,60,4%,3,Mathematics,,,
clxxx.attorney,available,60,1%,5,Mathematics,,,
cxxv.attorney,available,60,1%,4,Mathematics,,,
aboveboard.attorney,available,60,5%,10,"Business,Law",,,
clxv.attorney,available,60,1%,4,Mathematics,,,
paunchy.attorney,available,60,0%,7,"Health and Fitness,Medicine",,,
idolised.attorney,available,60,1%,8,"Entertainment,Fashion,Retail",,,
cautionary.attorney,available,60,1%,10,"Business,Education,Healthcare",,,
abstemious.attorney,available,60,0%,10,"Food and Beverage,Health and Fitness,Hospitality",,,
abstainer.attorney,available,60,0%,9,"Health and Fitness,Religion",,,
eightysix.attorney,available,60,7%,10,Mathematics,,,
clxxv.attorney,available,60,1%,5,Mathematics,,,
cxxx.attorney,available,60,4%,4,Mathematics,,,
idolized.attorney,available,60,3%,8,"Entertainment,Fashion,Retail",,,
acceptive.attorney,available,60,1%,9,"Education,Healthcare",,,
thou.attorney,available,60,7%,4,Mathematics,,,
cxl.attorney,available,60,7%,3,Mathematics,,,
sixty.attorney,available,60,13%,5,Mathematics,,,
clx.attorney,available,60,10%,3,Mathematics,,,
cxlv.attorney,available,60,2%,4,Mathematics,,,
offhanded.attorney,available,58,1%,9,Entertainment,,,
actuarial.attorney,available,58,8%,9,"Finance,Insurance,Mathematics",,,
abuzz.attorney,available,58,5%,5,"Entertainment,Media,Technology",,,
sixer.attorney,available,58,5%,5,Sports,,,
accretive.attorney,available,58,6%,9,"Banking,Finance,Insurance",,,
seven.attorney,available,58,36%,5,Mathematics,,,
tetrad.attorney,available,58,5%,6,Mathematics,,,
niner.attorney,available,58,5%,5,Mathematics,,,
acyclic.attorney,available,58,4%,7,"Engineering,Mathematics,Science",,,
addressed.attorney,available,58,3%,9,"Business,Technology,Telecommunications",,,
alacarte.attorney,available,58,11%,10,Food and Beverage,,,
accoutred.attorney,available,58,1%,9,"Fashion,Manufacturing,Retail",,,
abridged.attorney,available,58,4%,8,Media,,,
seventy.attorney,available,58,7%,7,Mathematics,,,
heptad.attorney,available,58,1%,6,Mathematics,,,
adient.attorney,available,58,4%,6,"Medicine,Science",,,
enwrapped.attorney,available,58,0%,9,"Entertainment,Fashion,Media",,,
twelfth.attorney,available,58,2%,7,Mathematics,,,
super.attorney,available,58,47%,5,Business,,,
sixtyone.attorney,available,58,3%,9,Mathematics,,,
lxxx.attorney,available,58,2%,4,Mathematics,,,
octad.attorney,available,58,5%,5,Mathematics,,,
aucourant.attorney,available,58,3%,10,"Fashion,Media",,,
justabout.attorney,available,58,3%,10,"Business,Media,Technology",,,
acetic.attorney,available,58,1%,6,"Food and Beverage,Science",,,
fourscore.attorney,available,58,4%,9,Mathematics,,,
centesimal.attorney,available,58,1%,10,Mathematics,,,
eighter.attorney,available,58,2%,7,Mathematics,,,
adjustive.attorney,available,58,1%,9,"Manufacturing,Retail,Technology",,,
linear.attorney,available,58,22%,6,"Engineering,Mathematics,Science",,,
fifth.attorney,available,58,12%,5,Mathematics,,,
sextuplet.attorney,available,58,1%,9,Healthcare,,,
closeto.attorney,available,58,3%,8,"Business,Media,Technology",,,
pentad.attorney,available,58,2%,6,Mathematics,,,
cypher.attorney,available,58,29%,6,Mathematics,,,
addible.attorney,available,58,2%,7,"Engineering,Mathematics,Science",,,
hexad.attorney,available,58,4%,5,Mathematics,,,
accented.attorney,available,58,3%,8,"Arts,Entertainment",,,
fourth.attorney,available,58,13%,6,Mathematics,,,
ilx.attorney,available,56,5%,3,Mathematics,,,
xliv.attorney,available,56,2%,4,Mathematics,,,
thirtyone.attorney,available,56,5%,10,Mathematics,,,
xxxviii.attorney,available,56,1%,7,Mathematics,,,
fortysix.attorney,available,56,3%,9,Mathematics,,,
fiftyfive.attorney,available,56,7%,10,Mathematics,,,
lvi.attorney,available,56,8%,3,Mathematics,,,
xxiii.attorney,available,56,5%,5,Mathematics,,,
lvii.attorney,available,56,1%,4,Mathematics,,,
fortyone.attorney,available,56,4%,9,Mathematics,,,
fiftysix.attorney,available,56,4%,9,Mathematics,,,
xliii.attorney,available,56,1%,5,Mathematics,,,
fortytwo.attorney,available,56,17%,9,Mathematics,,,
xlvii.attorney,available,56,2%,5,Mathematics,,,
appressed.attorney,available,56,0%,9,"Agriculture,Manufacturing,Retail",,,
xxviii.attorney,available,56,1%,6,Mathematics,,,
thirtysix.attorney,available,56,5%,10,Mathematics,,,
aone.attorney,available,56,15%,5,Food and Beverage,,,
fiftyone.attorney,available,56,7%,9,Mathematics,,,
halfdozen.attorney,available,56,1%,10,Mathematics,,,
fiftyfour.attorney,available,56,3%,10,Mathematics,,,
lviii.attorney,available,56,1%,5,Mathematics,,,
lii.attorney,available,56,7%,3,Mathematics,,,
maledict.attorney,available,56,1%,8,Religion,,,
abeyant.attorney,available,56,1%,7,"Business,Law",,,
fiftytwo.attorney,available,56,6%,9,Mathematics,,,
xxxiii.attorney,available,56,2%,6,Mathematics,,,
xlviii.attorney,available,56,1%,6,Mathematics,,,
admittible.attorney,available,56,1%,10,"Education,Healthcare,Hospitality",,,
xlvi.attorney,available,56,3%,4,Mathematics,,,
xli.attorney,available,56,5%,3,Mathematics,,,
xxxvii.attorney,available,56,2%,6,Mathematics,,,
liii.attorney,available,56,4%,4,Mathematics,,,
abdominous.attorney,available,56,0%,10,"Health and Fitness,Medicine",,,
potbellied.attorney,available,56,0%,10,"Health and Fitness,Medicine",,,
fortynine.attorney,available,56,3%,10,Mathematics,,,
addled.attorney,available,56,2%,6,Entertainment,,,
accoutered.attorney,available,56,0%,10,"Fashion,Manufacturing,Retail",,,
thirtytwo.attorney,available,56,5%,10,Mathematics,,,
fiftynine.attorney,available,56,4%,10,Mathematics,,,
xxxi.attorney,available,56,9%,4,Mathematics,,,
xlv.attorney,available,56,6%,3,Mathematics,,,
xxxv.attorney,available,56,4%,4,Mathematics,,,
xxvii.attorney,available,56,3%,5,Mathematics,,,
xxxvi.attorney,available,56,1%,5,Mathematics,,,
admissive.attorney,available,56,1%,9,"Education,Healthcare,Hospitality",,,
xxiv.attorney,available,56,5%,4,Mathematics,,,
xxxii.attorney,available,56,1%,5,Mathematics,,,
admittable.attorney,available,56,1%,10,"Education,Healthcare,Hospitality",,,
xxxiv.attorney,available,56,1%,5,Mathematics,,,
xlii.attorney,available,56,5%,4,Mathematics,,,
xxix.attorney,available,56,4%,4,Mathematics,,,
twoscore.attorney,available,54,2%,8,Mathematics,,,
adductive.attorney,available,54,0%,9,"Engineering,Mathematics,Science",,,
abatic.attorney,available,54,1%,6,Science,,,
quaternity.attorney,available,54,4%,10,Mathematics,,,
achromatic.attorney,available,54,4%,10,Science,,,
abducens.attorney,available,54,1%,8,Medicine,,,
acoustical.attorney,available,54,4%,10,Science,,,
adjuratory.attorney,available,54,0%,10,"Law,Politics,Religion",,,
adaxial.attorney,available,54,2%,7,Science,,,
quatern.attorney,available,54,2%,7,Mathematics,,,
fortyfive.attorney,available,54,4%,10,Mathematics,,,
viii.attorney,available,54,6%,4,Mathematics,,,
abatable.attorney,available,54,1%,8,Law,,,
threescore.attorney,available,54,1%,10,Mathematics,,,
adducting.attorney,available,54,1%,9,"Engineering,Mathematics,Science",,,
aboral.attorney,available,54,2%,6,Science,,,
adpressed.attorney,available,54,0%,9,"Agriculture,Manufacturing,Retail",,,
admonitory.attorney,available,54,0%,10,"Business,Education,Healthcare",,,
actuated.attorney,available,54,2%,8,"Automotive,Manufacturing,Technology",,,
abasic.attorney,available,54,1%,6,Science,,,
topnotch.attorney,available,54,18%,8,Business,,,
deuceace.attorney,available,54,2%,9,Sports,,,
adducent.attorney,available,54,1%,8,"Engineering,Mathematics,Science",,,
accentual.attorney,available,54,3%,9,"Arts,Entertainment",,,
scratchy.attorney,available,54,3%,8,Fashion,,,
abient.attorney,available,54,1%,6,Science,,,
vii.attorney,available,54,13%,3,Mathematics,,,
quaternion.attorney,available,54,6%,10,Mathematics,,,
abaxial.attorney,available,54,1%,7,Science,,,
monitory.attorney,available,54,3%,8,"Business,Education,Healthcare",,,
lxxxii.attorney,available,52,1%,6,Mathematics,,,
sixtytwo.attorney,available,52,3%,9,Mathematics,,,
xcvii.attorney,available,52,1%,5,Mathematics,,,
decumbent.attorney,available,52,1%,9,"Healthcare,Medicine,Science",,,
lxviii.attorney,available,52,1%,6,Mathematics,,,
chagrined.attorney,available,52,1%,9,Humanities,,,
lxi.attorney,available,52,5%,3,Mathematics,,,
eightytwo.attorney,available,52,4%,10,Mathematics,,,
lxvii.attorney,available,52,1%,5,Mathematics,,,
ablated.attorney,available,52,1%,7,Science,,,
lxv.attorney,available,52,5%,3,Mathematics,,,
ixl.attorney,available,52,9%,3,Mathematics,,,
lxxxi.attorney,available,52,1%,5,Mathematics,,,
lxxiv.attorney,available,52,1%,5,Mathematics,,,
sixtysix.attorney,available,52,4%,9,Mathematics,,,
ninetytwo.attorney,available,52,4%,10,Mathematics,,,
lxii.attorney,available,52,1%,4,Mathematics,,,
xci.attorney,available,52,4%,3,Mathematics,,,
xcviii.attorney,available,52,1%,6,Mathematics,,,
adenoidal.attorney,available,52,1%,9,"Health and Fitness,Medicine,Science",,,
lxxxvi.attorney,available,52,1%,6,Mathematics,,,
uphill.attorney,available,52,7%,6,"Sports,Transportation,Travel",,,
lxiii.attorney,available,52,2%,5,Mathematics,,,
lxxii.attorney,available,52,1%,5,Mathematics,,,
lxxvii.attorney,available,52,2%,6,Mathematics,,,
lxxxv.attorney,available,52,1%,5,Mathematics,,,
lxxxvii.attorney,available,52,1%,7,Mathematics,,,
lxxxiii.attorney,available,52,1%,7,Mathematics,,,
sixtyfour.attorney,available,52,3%,10,Mathematics,,,
xcvi.attorney,available,52,2%,4,Mathematics,,,
lxxxiv.attorney,available,52,1%,6,Mathematics,,,
lxvi.attorney,available,52,3%,4,Mathematics,,,
ninetysix.attorney,available,52,4%,10,Mathematics,,,
xciv.attorney,available,52,2%,4,Mathematics,,,
aboulic.attorney,available,52,1%,7,Medicine,,,
lxxvi.attorney,available,52,1%,5,Mathematics,,,
lxxv.attorney,available,52,1%,4,Mathematics,,,
ninetyone.attorney,available,52,5%,10,Mathematics,,,
xcii.attorney,available,52,2%,4,Mathematics,,,
ixc.attorney,available,52,5%,3,Mathematics,,,
xcv.attorney,available,52,7%,3,Mathematics,,,
xciii.attorney,available,52,1%,5,Mathematics,,,
lxxi.attorney,available,52,1%,4,Mathematics,,,
lxiv.attorney,available,52,3%,4,Mathematics,,,
eightyone.attorney,available,52,3%,10,Mathematics,,,
abstruse.attorney,available,52,5%,8,"Humanities,Mathematics,Science",,,
lxxiii.attorney,available,52,1%,6,Mathematics,,,
sixtyfive.attorney,available,52,3%,10,Mathematics,,,
abdicable.attorney,available,50,0%,9,Law,,,
abbatial.attorney,available,50,0%,8,Religion,,,
needlelike.attorney,available,50,0%,10,"Engineering,Medicine,Science",,,
vinegary.attorney,available,50,1%,8,Food and Beverage,,,
abducting.attorney,available,50,0%,9,Medicine,,,
acellular.attorney,available,50,1%,9,Science,,,
ogdoad.attorney,available,50,1%,6,Mathematics,,,
adactylous.attorney,available,50,0%,10,Science,,,
triplet.attorney,available,50,8%,7,Science,,,
abactinal.attorney,available,50,0%,9,Science,,,
acquitted.attorney,available,50,1%,9,Law,,,
cinque.attorney,available,50,7%,6,Mathematics,,,
abomasal.attorney,available,50,0%,8,Agriculture,,,
broached.attorney,available,50,0%,8,Food and Beverage,,,
adhominem.attorney,available,50,2%,10,"Humanities,Law,Politics",,,
abranchial.attorney,available,50,0%,10,Science,,,
gillless.attorney,available,50,0%,9,Science,,,
lxx.attorney,available,50,5%,3,Mathematics,,,
aculeated.attorney,available,50,0%,9,"Engineering,Medicine,Science",,,
notguilty.attorney,available,48,5%,10,Law,,,
lxxxviii.attorney,available,48,1%,8,Mathematics,,,
apriori.attorney,available,48,13%,8,Mathematics,,,
quaternary.attorney,available,46,3%,10,Mathematics,,,
stripling.attorney,available,46,2%,9,"Education,Entertainment,Healthcare",,,
accurst.attorney,available,40,1%,7,Religion,,,